ID;Название;Дата;Показы;Клики;Расход, ₽;Заказы, шт.;Заказы, ₽
11005236;Продвижение в поиске — все товары;2026-02-01;87466;2243;82572,90;7;825729,00
18985562;2650v2-rx580-64-1024-SL190;2026-02-01;5364;192;1434,38;0;0,00
18985567;2650v2-2060s-32-1024-SL190;2026-02-01;4099;133;715,73;1;114637,00
19375180;5600g-16-512;2026-02-01;1584;58;293,97;1;100000,00
19598257;2650v2-1660s-16-512-K1;2026-02-01;4901;215;285,58;0;0,00
19598281;3600-3070M-16-512-K1;2026-02-01;3747;111;287,09;0;0,00
19899776;2650v2-rx580-16-512-K1;2026-02-01;2534;107;298,97;0;0,00
19899803;3600-3070M-32-1024-SL190;2026-02-01;2448;47;280,32;0;0,00
20381870;2650v2-5050-64-1024-SL190;2026-02-01;6689;202;713,73;1;153552,00
20381875;2650v2-3070M-32-1024-SL190;2026-02-01;2973;88;290,72;0;0,00
20381883;2650v2-3070M-16-512-K1;2026-02-01;5100;250;720,30;1;100000,00
20381899;2650v2-rx580-32-1024-SL190;2026-02-01;11371;983;2858,85;1;90800,00
20381949;2650v2-5050-64-1024-Z5;2026-02-01;3455;92;720,72;0;0,00
20381972;2650v2-rx580-32-512-K1;2026-02-01;3086;121;737,14;0;0,00
20381997;2650v2-5050-32-1024-SL190;2026-02-01;2534;54;594,39;0;0,00
20382007;2667v4-5060-64-1024-Z5;2026-02-01;3496;71;824,52;0;0,00
21421298;2650v2-3060-32-1024-SL190;2026-02-01;4776;80;309,34;0;0,00
21421312;2650v2-3060-64-1024-SL190;2026-02-01;4157;88;304,58;0;0,00
21421337;2667v4-5060ti-64-1024-SL190;2026-02-01;4966;77;315,62;0;0,00
21421346;2667v4-5060ti-32-1024-SL190;2026-02-01;3225;54;307,92;0;0,00
21421356;2667v4-5060-32-1024-SL190;2026-02-01;2994;44;344,70;0;0,00
21421366;2667v4-5060-64-1024-SL190;2026-02-01;4562;90;285,49;0;0,00
21421378;2667v4-5060-32-1024-Z5;2026-02-01;3057;45;287,61;0;0,00
21421407;2650v2-3050-64-1024-SL190;2026-02-01;3734;62;295,95;0;0,00
21421419;2650v2-5050-32-1024-Z5;2026-02-01;4325;143;290,64;0;0,00
21421432;2650v2-3070M-64-1024-SL190;2026-02-01;5642;239;286,24;1;125698,00
11005236;Продвижение в поиске — все товары;2026-02-02;99353;2023;46085,00;4;460850,00
18985562;2650v2-rx580-64-1024-SL190;2026-02-02;5343;176;1409,77;0;0,00
18985567;2650v2-2060s-32-1024-SL190;2026-02-02;4100;98;695,35;0;0,00
19375180;5600g-16-512;2026-02-02;1870;78;293,02;0;0,00
19598257;2650v2-1660s-16-512-K1;2026-02-02;5507;231;285,52;0;0,00
19598281;3600-3070M-16-512-K1;2026-02-02;3334;111;296,60;0;0,00
19899776;2650v2-rx580-16-512-K1;2026-02-02;2355;80;286,08;0;0,00
19899803;3600-3070M-32-1024-SL190;2026-02-02;2267;47;340,78;0;0,00
20381870;2650v2-5050-64-1024-SL190;2026-02-02;5890;196;696,94;1;153552,00
20381875;2650v2-3070M-32-1024-SL190;2026-02-02;2736;77;280,82;0;0,00
20381883;2650v2-3070M-16-512-K1;2026-02-02;5614;244;716,02;0;0,00
20381899;2650v2-rx580-32-1024-SL190;2026-02-02;13035;1074;2874,60;2;181600,00
20381949;2650v2-5050-64-1024-Z5;2026-02-02;3657;70;701,51;0;0,00
20381972;2650v2-rx580-32-512-K1;2026-02-02;2890;82;683,44;0;0,00
20381997;2650v2-5050-32-1024-SL190;2026-02-02;2816;55;589,43;0;0,00
20382007;2667v4-5060-64-1024-Z5;2026-02-02;3904;86;756,37;0;0,00
21421298;2650v2-3060-32-1024-SL190;2026-02-02;4536;93;321,82;0;0,00
21421312;2650v2-3060-64-1024-SL190;2026-02-02;3160;57;290,04;0;0,00
21421337;2667v4-5060ti-64-1024-SL190;2026-02-02;5485;70;305,69;0;0,00
21421346;2667v4-5060ti-32-1024-SL190;2026-02-02;3341;59;306,46;0;0,00
21421356;2667v4-5060-32-1024-SL190;2026-02-02;3208;57;419,33;0;0,00
21421366;2667v4-5060-64-1024-SL190;2026-02-02;4268;71;277,63;0;0,00
21421378;2667v4-5060-32-1024-Z5;2026-02-02;2980;50;367,81;0;0,00
21421407;2650v2-3050-64-1024-SL190;2026-02-02;4476;62;275,57;0;0,00
21421419;2650v2-5050-32-1024-Z5;2026-02-02;5297;173;285,56;0;0,00
21421432;2650v2-3070M-64-1024-SL190;2026-02-02;7594;279;286,59;0;0,00
11005236;Продвижение в поиске — все товары;2026-02-03;93087;1758;32817,90;4;328179,00
18985562;2650v2-rx580-64-1024-SL190;2026-02-03;4920;168;1407,03;0;0,00
18985567;2650v2-2060s-32-1024-SL190;2026-02-03;3834;96;721,84;0;0,00
19375180;5600g-16-512;2026-02-03;2054;61;291,06;0;0,00
19598257;2650v2-1660s-16-512-K1;2026-02-03;5085;226;286,82;1;86484,00
19598281;3600-3070M-16-512-K1;2026-02-03;3035;81;276,20;0;0,00
19899776;2650v2-rx580-16-512-K1;2026-02-03;2563;92;282,44;1;78167,00
19899803;3600-3070M-32-1024-SL190;2026-02-03;2045;47;300,90;0;0,00
20381870;2650v2-5050-64-1024-SL190;2026-02-03;5202;193;592,17;0;0,00
20381875;2650v2-3070M-32-1024-SL190;2026-02-03;2016;47;177,01;0;0,00
20381883;2650v2-3070M-16-512-K1;2026-02-03;4879;245;703,48;0;0,00
20381899;2650v2-rx580-32-1024-SL190;2026-02-03;14515;1162;2805,29;0;0,00
20381949;2650v2-5050-64-1024-Z5;2026-02-03;3571;72;584,59;0;0,00
20381972;2650v2-rx580-32-512-K1;2026-02-03;2135;66;667,82;0;0,00
20381997;2650v2-5050-32-1024-SL190;2026-02-03;2716;59;676,13;0;0,00
20382007;2667v4-5060-64-1024-Z5;2026-02-03;3559;79;850,61;0;0,00
21421298;2650v2-3060-32-1024-SL190;2026-02-03;4482;94;327,12;0;0,00
21421312;2650v2-3060-64-1024-SL190;2026-02-03;3246;67;301,26;0;0,00
21421337;2667v4-5060ti-64-1024-SL190;2026-02-03;5388;76;304,49;0;0,00
21421346;2667v4-5060ti-32-1024-SL190;2026-02-03;3818;54;305,15;0;0,00
21421356;2667v4-5060-32-1024-SL190;2026-02-03;4056;56;384,28;0;0,00
21421366;2667v4-5060-64-1024-SL190;2026-02-03;4144;63;286,74;0;0,00
21421378;2667v4-5060-32-1024-Z5;2026-02-03;3041;50;375,24;0;0,00
21421407;2650v2-3050-64-1024-SL190;2026-02-03;3921;59;250,20;0;0,00
21421419;2650v2-5050-32-1024-Z5;2026-02-03;4298;131;197,47;0;0,00
21421432;2650v2-3070M-64-1024-SL190;2026-02-03;5455;237;278,57;0;0,00
21421510;e5-2650v2-32-1024-MX12;2026-02-03;0;0;0,00;1;56000,00
11005236;Продвижение в поиске — все товары;2026-02-04;86801;1651;100792,70;8;1007927,00
18985562;2650v2-rx580-64-1024-SL190;2026-02-04;5081;145;1459,36;0;0,00
18985567;2650v2-2060s-32-1024-SL190;2026-02-04;3513;91;692,67;0;0,00
19375180;5600g-16-512;2026-02-04;1787;73;249,80;0;0,00
19598257;2650v2-1660s-16-512-K1;2026-02-04;4441;160;307,51;0;0,00
19598281;3600-3070M-16-512-K1;2026-02-04;4353;190;1500,00;0;0,00
19899776;2650v2-rx580-16-512-K1;2026-02-04;2504;103;287,94;0;0,00
19899803;3600-3070M-32-1024-SL190;2026-02-04;2327;47;311,09;0;0,00
20381870;2650v2-5050-64-1024-SL190;2026-02-04;5867;183;721,03;1;153552,00
20381875;2650v2-3070M-32-1024-SL190;2026-02-04;1552;35;317,48;0;0,00
20381883;2650v2-3070M-16-512-K1;2026-02-04;5843;267;715,26;1;100000,00
20381899;2650v2-rx580-32-1024-SL190;2026-02-04;15187;1236;2859,30;0;0,00
20381949;2650v2-5050-64-1024-Z5;2026-02-04;3058;52;711,76;0;0,00
20381972;2650v2-rx580-32-512-K1;2026-02-04;3820;141;2165,17;0;0,00
20381997;2650v2-5050-32-1024-SL190;2026-02-04;3571;77;1398,43;0;0,00
20382007;2667v4-5060-64-1024-Z5;2026-02-04;5459;131;2530,80;0;0,00
21421298;2650v2-3060-32-1024-SL190;2026-02-04;4392;103;288,33;0;0,00
21421312;2650v2-3060-64-1024-SL190;2026-02-04;2495;56;288,39;0;0,00
21421337;2667v4-5060ti-64-1024-SL190;2026-02-04;3544;50;261,66;0;0,00
21421346;2667v4-5060ti-32-1024-SL190;2026-02-04;3024;49;283,68;0;0,00
21421356;2667v4-5060-32-1024-SL190;2026-02-04;2392;39;243,68;0;0,00
21421366;2667v4-5060-64-1024-SL190;2026-02-04;3383;62;304,26;0;0,00
21421378;2667v4-5060-32-1024-Z5;2026-02-04;2777;50;259,97;0;0,00
21421407;2650v2-3050-64-1024-SL190;2026-02-04;3662;56;282,82;0;0,00
21421419;2650v2-5050-32-1024-Z5;2026-02-04;4525;175;286,50;0;0,00
21421432;2650v2-3070M-64-1024-SL190;2026-02-04;5970;272;284,37;0;0,00
21421510;e5-2650v2-32-1024-MX12;2026-02-04;0;0;0,00;0;0,00
11005236;Продвижение в поиске — все товары;2026-02-05;88171;1541;37959,00;3;379590,00
18985562;2650v2-rx580-64-1024-SL190;2026-02-05;4469;151;1368,78;0;0,00
18985567;2650v2-2060s-32-1024-SL190;2026-02-05;3865;100;740,55;0;0,00
19375180;5600g-16-512;2026-02-05;1869;66;283,33;0;0,00
19598257;2650v2-1660s-16-512-K1;2026-02-05;4165;132;290,03;0;0,00
19598281;3600-3070M-16-512-K1;2026-02-05;6349;252;1500,00;0;0,00
19899776;2650v2-rx580-16-512-K1;2026-02-05;2088;56;286,85;0;0,00
19899803;3600-3070M-32-1024-SL190;2026-02-05;1847;34;201,13;0;0,00
20381870;2650v2-5050-64-1024-SL190;2026-02-05;5760;204;718,29;0;0,00
20381875;2650v2-3070M-32-1024-SL190;2026-02-05;1751;45;280,90;0;0,00
20381883;2650v2-3070M-16-512-K1;2026-02-05;5860;227;716,29;0;0,00
20381899;2650v2-rx580-32-1024-SL190;2026-02-05;15469;1252;2852,74;1;94000,00
20381949;2650v2-5050-64-1024-Z5;2026-02-05;2916;73;714,79;0;0,00
20381972;2650v2-rx580-32-512-K1;2026-02-05;5813;223;3364,00;0;0,00
20381997;2650v2-5050-32-1024-SL190;2026-02-05;3100;71;1382,93;0;0,00
20382007;2667v4-5060-64-1024-Z5;2026-02-05;5936;145;2551,44;0;0,00
21421298;2650v2-3060-32-1024-SL190;2026-02-05;3936;84;290,14;0;0,00
21421312;2650v2-3060-64-1024-SL190;2026-02-05;2117;57;289,74;0;0,00
21421337;2667v4-5060ti-64-1024-SL190;2026-02-05;2917;41;243,26;0;0,00
21421346;2667v4-5060ti-32-1024-SL190;2026-02-05;2622;54;282,23;0;0,00
21421356;2667v4-5060-32-1024-SL190;2026-02-05;2472;43;270,48;0;0,00
21421366;2667v4-5060-64-1024-SL190;2026-02-05;2339;43;256,47;0;0,00
21421378;2667v4-5060-32-1024-Z5;2026-02-05;2307;44;264,94;0;0,00
21421407;2650v2-3050-64-1024-SL190;2026-02-05;2752;41;235,97;0;0,00
21421419;2650v2-5050-32-1024-Z5;2026-02-05;4464;172;281,85;0;0,00
21421432;2650v2-3070M-64-1024-SL190;2026-02-05;5760;249;284,34;0;0,00
22452263;2650v2-3070M-64-1024-SL190;2026-02-05;0;0;0,00;0;0,00
11005236;Продвижение в поиске — все товары;2026-02-06;83713;1501;10332,70;1;103327,00
18985562;2650v2-rx580-64-1024-SL190;2026-02-06;3782;137;1362,05;1;103327,00
18985567;2650v2-2060s-32-1024-SL190;2026-02-06;3076;86;726,31;0;0,00
19375180;5600g-16-512;2026-02-06;1693;69;320,41;0;0,00
19598257;2650v2-1660s-16-512-K1;2026-02-06;3976;145;246,35;0;0,00
19598281;3600-3070M-16-512-K1;2026-02-06;6435;341;2451,59;0;0,00
19899776;2650v2-rx580-16-512-K1;2026-02-06;1747;47;293,95;0;0,00
19899803;3600-3070M-32-1024-SL190;2026-02-06;1631;33;286,37;0;0,00
20381870;2650v2-5050-64-1024-SL190;2026-02-06;4712;146;721,18;0;0,00
20381875;2650v2-3070M-32-1024-SL190;2026-02-06;2921;113;1872,54;0;0,00
20381883;2650v2-3070M-16-512-K1;2026-02-06;4957;227;702,24;0;0,00
20381899;2650v2-rx580-32-1024-SL190;2026-02-06;13397;1173;2861,60;0;0,00
20381949;2650v2-5050-64-1024-Z5;2026-02-06;2976;50;702,09;0;0,00
20381972;2650v2-rx580-32-512-K1;2026-02-06;5274;284;3304,09;0;0,00
20381997;2650v2-5050-32-1024-SL190;2026-02-06;3562;98;2303,47;0;0,00
20382007;2667v4-5060-64-1024-Z5;2026-02-06;5874;123;2581,02;0;0,00
21421298;2650v2-3060-32-1024-SL190;2026-02-06;3675;96;280,00;0;0,00
21421312;2650v2-3060-64-1024-SL190;2026-02-06;2129;49;252,68;0;0,00
21421337;2667v4-5060ti-64-1024-SL190;2026-02-06;2872;45;276,09;0;0,00
21421346;2667v4-5060ti-32-1024-SL190;2026-02-06;2388;40;280,88;0;0,00
21421356;2667v4-5060-32-1024-SL190;2026-02-06;2017;37;234,40;0;0,00
21421366;2667v4-5060-64-1024-SL190;2026-02-06;2032;43;284,04;0;0,00
21421378;2667v4-5060-32-1024-Z5;2026-02-06;2996;42;277,67;0;0,00
21421407;2650v2-3050-64-1024-SL190;2026-02-06;2450;38;285,73;0;0,00
21421419;2650v2-5050-32-1024-Z5;2026-02-06;4321;176;282,93;0;0,00
21421432;2650v2-3070M-64-1024-SL190;2026-02-06;5596;234;672,71;0;0,00
22452263;2650v2-3070M-64-1024-SL190;2026-02-06;2167;163;595,33;0;0,00
11005236;Продвижение в поиске — все товары;2026-02-07;82957;1526;54739,60;4;547396,00
18985562;2650v2-rx580-64-1024-SL190;2026-02-07;4562;138;1467,63;0;0,00
18985567;2650v2-2060s-32-1024-SL190;2026-02-07;3281;97;731,03;0;0,00
19375180;5600g-16-512;2026-02-07;1813;72;288,32;0;0,00
19598257;2650v2-1660s-16-512-K1;2026-02-07;3607;124;287,03;0;0,00
19598281;3600-3070M-16-512-K1;2026-02-07;5525;294;1429,19;0;0,00
19899776;2650v2-rx580-16-512-K1;2026-02-07;1226;44;297,53;0;0,00
19899803;3600-3070M-32-1024-SL190;2026-02-07;1075;22;288,05;0;0,00
20381870;2650v2-5050-64-1024-SL190;2026-02-07;4649;199;715,01;0;0,00
20381875;2650v2-3070M-32-1024-SL190;2026-02-07;3658;107;1889,36;0;0,00
20381883;2650v2-3070M-16-512-K1;2026-02-07;5260;245;722,47;0;0,00
20381899;2650v2-rx580-32-1024-SL190;2026-02-07;13623;1173;2857,85;1;93000,00
20381949;2650v2-5050-64-1024-Z5;2026-02-07;2376;55;724,91;0;0,00
20381972;2650v2-rx580-32-512-K1;2026-02-07;6019;350;3292,24;0;0,00
20381997;2650v2-5050-32-1024-SL190;2026-02-07;4434;139;3261,91;0;0,00
20382007;2667v4-5060-64-1024-Z5;2026-02-07;6515;198;2662,35;1;203000,00
21421298;2650v2-3060-32-1024-SL190;2026-02-07;3126;66;270,74;0;0,00
21421312;2650v2-3060-64-1024-SL190;2026-02-07;2202;38;250,20;0;0,00
21421337;2667v4-5060ti-64-1024-SL190;2026-02-07;2759;47;316,28;0;0,00
21421346;2667v4-5060ti-32-1024-SL190;2026-02-07;2171;39;290,61;0;0,00
21421356;2667v4-5060-32-1024-SL190;2026-02-07;1773;43;266,27;0;0,00
21421366;2667v4-5060-64-1024-SL190;2026-02-07;2253;43;224,24;0;0,00
21421378;2667v4-5060-32-1024-Z5;2026-02-07;2206;65;299,12;0;0,00
21421407;2650v2-3050-64-1024-SL190;2026-02-07;2162;24;303,41;0;0,00
21421419;2650v2-5050-32-1024-Z5;2026-02-07;3870;148;285,53;0;0,00
21421432;2650v2-3070M-64-1024-SL190;2026-02-07;0;0;0,00;1;125698,00
22452263;2650v2-3070M-64-1024-SL190;2026-02-07;9157;598;1906,76;0;0,00
11005236;Продвижение в поиске — все товары;2026-02-08;87611;1586;57855,40;5;578554,00
18985562;2650v2-rx580-64-1024-SL190;2026-02-08;4117;129;1427,90;0;0,00
18985567;2650v2-2060s-32-1024-SL190;2026-02-08;3220;78;718,41;0;0,00
19375180;5600g-16-512;2026-02-08;1992;78;292,56;0;0,00
19598257;2650v2-1660s-16-512-K1;2026-02-08;3431;118;300,01;0;0,00
19598281;3600-3070M-16-512-K1;2026-02-08;5429;296;1423,36;0;0,00
19899776;2650v2-rx580-16-512-K1;2026-02-08;1554;45;286,75;0;0,00
19899803;3600-3070M-32-1024-SL190;2026-02-08;1624;46;311,58;0;0,00
20381870;2650v2-5050-64-1024-SL190;2026-02-08;5259;231;715,07;1;153552,00
20381875;2650v2-3070M-32-1024-SL190;2026-02-08;3601;153;1890,51;0;0,00
20381883;2650v2-3070M-16-512-K1;2026-02-08;5279;256;716,74;1;100000,00
20381899;2650v2-rx580-32-1024-SL190;2026-02-08;14337;1232;2861,33;1;76450,00
20381949;2650v2-5050-64-1024-Z5;2026-02-08;3208;91;736,58;0;0,00
20381972;2650v2-rx580-32-512-K1;2026-02-08;7040;418;3292,75;0;0,00
20381997;2650v2-5050-32-1024-SL190;2026-02-08;4671;158;3267,13;0;0,00
20382007;2667v4-5060-64-1024-Z5;2026-02-08;6125;172;2577,57;0;0,00
21421298;2650v2-3060-32-1024-SL190;2026-02-08;2925;68;288,17;0;0,00
21421312;2650v2-3060-64-1024-SL190;2026-02-08;2034;48;307,76;0;0,00
21421337;2667v4-5060ti-64-1024-SL190;2026-02-08;3360;55;308,49;0;0,00
21421346;2667v4-5060ti-32-1024-SL190;2026-02-08;2444;41;289,43;0;0,00
21421356;2667v4-5060-32-1024-SL190;2026-02-08;1548;38;299,24;0;0,00
21421366;2667v4-5060-64-1024-SL190;2026-02-08;2100;47;289,45;0;0,00
21421378;2667v4-5060-32-1024-Z5;2026-02-08;2253;54;297,88;0;0,00
21421407;2650v2-3050-64-1024-SL190;2026-02-08;2119;43;303,91;0;0,00
21421419;2650v2-5050-32-1024-Z5;2026-02-08;2695;95;299,51;0;0,00
21421432;2650v2-3070M-64-1024-SL190;2026-02-08;0;0;0,00;0;0,00
22452263;2650v2-3070M-64-1024-SL190;2026-02-08;10541;722;1889,11;0;0,00
11005236;Продвижение в поиске — все товары;2026-02-09;101989;1709;34502,50;3;345025,00
18985562;2650v2-rx580-64-1024-SL190;2026-02-09;4776;135;1350,65;1;103327,00
18985567;2650v2-2060s-32-1024-SL190;2026-02-09;4519;100;715,50;0;0,00
19375180;5600g-16-512;2026-02-09;2391;96;286,67;0;0,00
19598257;2650v2-1660s-16-512-K1;2026-02-09;3686;120;302,90;0;0,00
19598281;3600-3070M-16-512-K1;2026-02-09;9383;476;2455,73;1;116000,00
19899776;2650v2-rx580-16-512-K1;2026-02-09;1458;38;281,10;0;0,00
19899803;3600-3070M-32-1024-SL190;2026-02-09;2083;55;565,09;0;0,00
20381870;2650v2-5050-64-1024-SL190;2026-02-09;7435;242;715,94;0;0,00
20381875;2650v2-3070M-32-1024-SL190;2026-02-09;6058;288;3750,00;0;0,00
20381883;2650v2-3070M-16-512-K1;2026-02-09;6597;306;702,15;0;0,00
20381899;2650v2-rx580-32-1024-SL190;2026-02-09;15014;1195;2851,08;0;0,00
20381949;2650v2-5050-64-1024-Z5;2026-02-09;5984;108;695,27;0;0,00
20381972;2650v2-rx580-32-512-K1;2026-02-09;8550;451;4616,01;0;0,00
20381997;2650v2-5050-32-1024-SL190;2026-02-09;7733;164;2235,36;0;0,00
20382007;2667v4-5060-64-1024-Z5;2026-02-09;16788;340;2538,17;0;0,00
21421298;2650v2-3060-32-1024-SL190;2026-02-09;2956;62;294,00;0;0,00
21421312;2650v2-3060-64-1024-SL190;2026-02-09;4866;83;293,34;0;0,00
21421337;2667v4-5060ti-64-1024-SL190;2026-02-09;3496;46;296,10;0;0,00
21421346;2667v4-5060ti-32-1024-SL190;2026-02-09;2554;56;317,07;0;0,00
21421356;2667v4-5060-32-1024-SL190;2026-02-09;2168;52;340,95;0;0,00
21421366;2667v4-5060-64-1024-SL190;2026-02-09;5155;97;321,99;0;0,00
21421378;2667v4-5060-32-1024-Z5;2026-02-09;2046;58;286,36;0;0,00
21421407;2650v2-3050-64-1024-SL190;2026-02-09;3134;43;304,09;0;0,00
21421419;2650v2-5050-32-1024-Z5;2026-02-09;2804;86;289,43;0;0,00
22452263;2650v2-3070M-64-1024-SL190;2026-02-09;12452;758;2400,53;1;125698,00
11005236;Продвижение в поиске — все товары;2026-02-10;81020;1201;54608,70;6;546087,00
18985562;2650v2-rx580-64-1024-SL190;2026-02-10;3422;99;1223,20;0;0,00
18985567;2650v2-2060s-32-1024-SL190;2026-02-10;2666;65;721,00;0;0,00
19375180;5600g-16-512;2026-02-10;1780;61;290,85;0;0,00
19598257;2650v2-1660s-16-512-K1;2026-02-10;3797;119;293,00;0;0,00
19598281;3600-3070M-16-512-K1;2026-02-10;11411;639;3675,56;0;0,00
19899776;2650v2-rx580-16-512-K1;2026-02-10;1481;46;292,53;0;0,00
19899803;3600-3070M-32-1024-SL190;2026-02-10;2675;60;540,31;0;0,00
20381870;2650v2-5050-64-1024-SL190;2026-02-10;5132;221;687,16;0;0,00
20381875;2650v2-3070M-32-1024-SL190;2026-02-10;3620;162;1983,31;0;0,00
20381883;2650v2-3070M-16-512-K1;2026-02-10;4975;194;711,93;0;0,00
20381899;2650v2-rx580-32-1024-SL190;2026-02-10;13461;1108;2824,96;2;176450,00
20381949;2650v2-5050-64-1024-Z5;2026-02-10;2664;63;671,01;0;0,00
20381972;2650v2-rx580-32-512-K1;2026-02-10;8422;458;4931,57;1;76450,00
20381997;2650v2-5050-32-1024-SL190;2026-02-10;2895;71;943,98;0;0,00
20382007;2667v4-5060-64-1024-Z5;2026-02-10;3540;72;1163,23;0;0,00
21421298;2650v2-3060-32-1024-SL190;2026-02-10;3233;64;286,58;0;0,00
21421312;2650v2-3060-64-1024-SL190;2026-02-10;1878;36;317,23;0;0,00
21421337;2667v4-5060ti-64-1024-SL190;2026-02-10;2681;47;241,54;0;0,00
21421346;2667v4-5060ti-32-1024-SL190;2026-02-10;2405;48;250,44;0;0,00
21421356;2667v4-5060-32-1024-SL190;2026-02-10;2079;40;280,28;0;0,00
21421366;2667v4-5060-64-1024-SL190;2026-02-10;2036;37;262,49;0;0,00
21421378;2667v4-5060-32-1024-Z5;2026-02-10;1967;43;254,51;0;0,00
21421407;2650v2-3050-64-1024-SL190;2026-02-10;2387;42;246,81;0;0,00
21421419;2650v2-5050-32-1024-Z5;2026-02-10;3099;76;274,25;0;0,00
22452263;2650v2-3070M-64-1024-SL190;2026-02-10;12764;822;2427,70;1;113187,00
22575808;3600-3070M-16-512-K1;2026-02-10;0;0;0,00;0;0,00
11005236;Продвижение в поиске — все товары;2026-02-11;81075;1234;41637,40;4;416374,00
18985562;2650v2-rx580-64-1024-SL190;2026-02-11;3633;126;1449,19;0;0,00
18985567;2650v2-2060s-32-1024-SL190;2026-02-11;2500;79;714,47;0;0,00
19375180;5600g-16-512;2026-02-11;1370;68;234,76;0;0,00
19598257;2650v2-1660s-16-512-K1;2026-02-11;4027;136;278,35;1;113187,00
19598281;3600-3070M-16-512-K1;2026-02-11;9475;492;2772,99;0;0,00
19899776;2650v2-rx580-16-512-K1;2026-02-11;1881;96;252,35;0;0,00
19899803;3600-3070M-32-1024-SL190;2026-02-11;2705;69;756,79;0;0,00
20381870;2650v2-5050-64-1024-SL190;2026-02-11;5036;173;706,55;0;0,00
20381875;2650v2-3070M-32-1024-SL190;2026-02-11;4792;190;1711,62;0;0,00
20381883;2650v2-3070M-16-512-K1;2026-02-11;4343;171;704,39;1;100000,00
20381899;2650v2-rx580-32-1024-SL190;2026-02-11;13295;1028;2822,35;1;90000,00
20381949;2650v2-5050-64-1024-Z5;2026-02-11;2501;54;685,74;0;0,00
20381972;2650v2-rx580-32-512-K1;2026-02-11;8394;448;4965,55;0;0,00
20381997;2650v2-5050-32-1024-SL190;2026-02-11;2387;46;698,13;0;0,00
20382007;2667v4-5060-64-1024-Z5;2026-02-11;3467;63;747,02;0;0,00
21421298;2650v2-3060-32-1024-SL190;2026-02-11;3786;83;276,93;0;0,00
21421312;2650v2-3060-64-1024-SL190;2026-02-11;1800;42;261,66;0;0,00
21421337;2667v4-5060ti-64-1024-SL190;2026-02-11;2669;45;300,14;0;0,00
21421346;2667v4-5060ti-32-1024-SL190;2026-02-11;2487;49;286,86;0;0,00
21421356;2667v4-5060-32-1024-SL190;2026-02-11;2395;31;235,79;0;0,00
21421366;2667v4-5060-64-1024-SL190;2026-02-11;1755;34;267,43;0;0,00
21421378;2667v4-5060-32-1024-Z5;2026-02-11;1728;26;180,70;0;0,00
21421407;2650v2-3050-64-1024-SL190;2026-02-11;2788;37;285,59;0;0,00
21421419;2650v2-5050-32-1024-Z5;2026-02-11;3775;85;281,88;0;0,00
22452263;2650v2-3070M-64-1024-SL190;2026-02-11;13105;842;2389,16;1;113187,00
22575808;3600-3070M-16-512-K1;2026-02-11;3506;214;2860,30;0;0,00
11005236;Продвижение в поиске — все товары;2026-02-12;83144;1161;165116,30;16;1651163,00
18985562;2650v2-rx580-64-1024-SL190;2026-02-12;3478;116;1368,74;0;0,00
18985567;2650v2-2060s-32-1024-SL190;2026-02-12;2727;72;664,51;0;0,00
19375180;5600g-16-512;2026-02-12;2012;73;277,11;0;0,00
19598257;2650v2-1660s-16-512-K1;2026-02-12;4542;153;287,13;0;0,00
19598281;3600-3070M-16-512-K1;2026-02-12;0;0;0,00;0;0,00
19899776;2650v2-rx580-16-512-K1;2026-02-12;2138;83;284,31;1;76450,00
19899803;3600-3070M-32-1024-SL190;2026-02-12;2717;55;637,70;0;0,00
20381870;2650v2-5050-64-1024-SL190;2026-02-12;4530;161;707,13;0;0,00
20381875;2650v2-3070M-32-1024-SL190;2026-02-12;5206;169;1661,00;0;0,00
20381883;2650v2-3070M-16-512-K1;2026-02-12;4218;180;709,03;0;0,00
20381899;2650v2-rx580-32-1024-SL190;2026-02-12;12291;900;2809,61;3;270000,00
20381949;2650v2-5050-64-1024-Z5;2026-02-12;2211;51;651,67;0;0,00
20381972;2650v2-rx580-32-512-K1;2026-02-12;9093;451;5013,79;1;76450,00
20381997;2650v2-5050-32-1024-SL190;2026-02-12;2116;42;624,02;0;0,00
20382007;2667v4-5060-64-1024-Z5;2026-02-12;2520;43;510,30;0;0,00
21421298;2650v2-3060-32-1024-SL190;2026-02-12;4307;68;284,09;0;0,00
21421312;2650v2-3060-64-1024-SL190;2026-02-12;1551;32;276,20;0;0,00
21421337;2667v4-5060ti-64-1024-SL190;2026-02-12;3154;61;285,96;0;0,00
21421346;2667v4-5060ti-32-1024-SL190;2026-02-12;2999;44;283,40;0;0,00
21421356;2667v4-5060-32-1024-SL190;2026-02-12;2137;47;295,67;0;0,00
21421366;2667v4-5060-64-1024-SL190;2026-02-12;2006;45;266,52;0;0,00
21421378;2667v4-5060-32-1024-Z5;2026-02-12;1660;26;228,35;0;0,00
21421407;2650v2-3050-64-1024-SL190;2026-02-12;2437;37;298,55;0;0,00
21421419;2650v2-5050-32-1024-Z5;2026-02-12;4174;90;281,86;0;0,00
22452263;2650v2-3070M-64-1024-SL190;2026-02-12;11938;748;2391,41;2;251396,00
22575808;3600-3070M-16-512-K1;2026-02-12;8099;378;2858,37;1;113187,00
11005236;Продвижение в поиске — все товары;2026-02-13;74077;952;103012,70;10;1030127,00
18985562;2650v2-rx580-64-1024-SL190;2026-02-13;2771;84;1001,62;0;0,00
18985567;2650v2-2060s-32-1024-SL190;2026-02-13;2379;78;711,05;0;0,00
19375180;5600g-16-512;2026-02-13;1896;62;302,69;0;0,00
19598257;2650v2-1660s-16-512-K1;2026-02-13;4125;106;251,58;0;0,00
19899776;2650v2-rx580-16-512-K1;2026-02-13;3464;110;973,75;0;0,00
19899803;3600-3070M-32-1024-SL190;2026-02-13;2526;55;654,60;0;0,00
20381870;2650v2-5050-64-1024-SL190;2026-02-13;4331;162;709,52;0;0,00
20381875;2650v2-3070M-32-1024-SL190;2026-02-13;4454;136;1726,59;0;0,00
20381883;2650v2-3070M-16-512-K1;2026-02-13;3625;156;719,30;1;100000,00
20381899;2650v2-rx580-32-1024-SL190;2026-02-13;11559;767;2812,90;2;190000,00
20381949;2650v2-5050-64-1024-Z5;2026-02-13;2164;55;734,77;0;0,00
20381972;2650v2-rx580-32-512-K1;2026-02-13;8225;409;4619,53;2;152900,00
20381997;2650v2-5050-32-1024-SL190;2026-02-13;1595;30;471,51;0;0,00
20382007;2667v4-5060-64-1024-Z5;2026-02-13;1967;26;291,31;0;0,00
21421298;2650v2-3060-32-1024-SL190;2026-02-13;3153;71;283,43;0;0,00
21421312;2650v2-3060-64-1024-SL190;2026-02-13;1573;26;312,05;0;0,00
21421337;2667v4-5060ti-64-1024-SL190;2026-02-13;3486;51;276,70;0;0,00
21421346;2667v4-5060ti-32-1024-SL190;2026-02-13;2780;39;285,39;0;0,00
21421356;2667v4-5060-32-1024-SL190;2026-02-13;2037;29;217,22;0;0,00
21421366;2667v4-5060-64-1024-SL190;2026-02-13;1950;38;293,06;0;0,00
21421378;2667v4-5060-32-1024-Z5;2026-02-13;1492;19;108,27;0;0,00
21421407;2650v2-3050-64-1024-SL190;2026-02-13;2012;28;279,80;0;0,00
21421419;2650v2-5050-32-1024-Z5;2026-02-13;4468;134;280,74;0;0,00
22452263;2650v2-3070M-64-1024-SL190;2026-02-13;10325;612;2015,21;0;0,00
22575808;3600-3070M-16-512-K1;2026-02-13;7738;390;2861,30;1;112000,00
11005236;Продвижение в поиске — все товары;2026-02-14;75170;1060;143555,60;13;1435556,00
18985562;2650v2-rx580-64-1024-SL190;2026-02-14;3345;91;1086,77;0;0,00
18985567;2650v2-2060s-32-1024-SL190;2026-02-14;3372;99;678,06;2;240335,00
19375180;5600g-16-512;2026-02-14;2118;81;282,89;1;100000,00
19598257;2650v2-1660s-16-512-K1;2026-02-14;4065;127;287,52;0;0,00
19899776;2650v2-rx580-16-512-K1;2026-02-14;3763;130;950,27;0;0,00
19899803;3600-3070M-32-1024-SL190;2026-02-14;3125;74;831,26;0;0,00
20381870;2650v2-5050-64-1024-SL190;2026-02-14;4781;171;719,27;0;0,00
20381875;2650v2-3070M-32-1024-SL190;2026-02-14;4439;129;1733,61;0;0,00
20381883;2650v2-3070M-16-512-K1;2026-02-14;4664;182;718,14;2;200000,00
20381899;2650v2-rx580-32-1024-SL190;2026-02-14;12294;884;2860,42;1;94000,00
20381949;2650v2-5050-64-1024-Z5;2026-02-14;2669;66;736,30;1;153552,00
20381972;2650v2-rx580-32-512-K1;2026-02-14;8642;445;4719,96;1;100000,00
20381997;2650v2-5050-32-1024-SL190;2026-02-14;1843;28;429,79;0;0,00
20382007;2667v4-5060-64-1024-Z5;2026-02-14;2053;31;339,00;0;0,00
21421298;2650v2-3060-32-1024-SL190;2026-02-14;3144;77;279,45;1;144548,00
21421312;2650v2-3060-64-1024-SL190;2026-02-14;2006;43;275,98;0;0,00
21421337;2667v4-5060ti-64-1024-SL190;2026-02-14;3453;56;281,45;0;0,00
21421346;2667v4-5060ti-32-1024-SL190;2026-02-14;2527;43;274,74;0;0,00
21421356;2667v4-5060-32-1024-SL190;2026-02-14;2396;30;211,81;0;0,00
21421366;2667v4-5060-64-1024-SL190;2026-02-14;2056;44;277,27;0;0,00
21421378;2667v4-5060-32-1024-Z5;2026-02-14;1773;36;285,10;0;0,00
21421407;2650v2-3050-64-1024-SL190;2026-02-14;1827;34;287,30;0;0,00
21421419;2650v2-5050-32-1024-Z5;2026-02-14;4274;123;285,01;0;0,00
22452263;2650v2-3070M-64-1024-SL190;2026-02-14;10599;613;2030,09;0;0,00
22575808;3600-3070M-16-512-K1;2026-02-14;9179;427;2852,85;0;0,00
11005236;Продвижение в поиске — все товары;2026-02-15;78802;1160;82862,50;7;828625,00
18985562;2650v2-rx580-64-1024-SL190;2026-02-15;3693;114;1358,95;0;0,00
18985567;2650v2-2060s-32-1024-SL190;2026-02-15;3418;81;709,44;0;0,00
19375180;5600g-16-512;2026-02-15;2396;103;292,23;0;0,00
19598257;2650v2-1660s-16-512-K1;2026-02-15;3577;158;291,33;0;0,00
19899776;2650v2-rx580-16-512-K1;2026-02-15;3775;112;940,48;0;0,00
19899803;3600-3070M-32-1024-SL190;2026-02-15;4042;106;1237,01;0;0,00
20381870;2650v2-5050-64-1024-SL190;2026-02-15;4906;201;683,88;0;0,00
20381875;2650v2-3070M-32-1024-SL190;2026-02-15;4182;143;1702,45;0;0,00
20381883;2650v2-3070M-16-512-K1;2026-02-15;5002;191;714,94;1;100000,00
20381899;2650v2-rx580-32-1024-SL190;2026-02-15;12139;870;2851,55;2;166450,00
20381949;2650v2-5050-64-1024-Z5;2026-02-15;2798;92;721,74;0;0,00
20381972;2650v2-rx580-32-512-K1;2026-02-15;9295;498;4675,42;0;0,00
20381997;2650v2-5050-32-1024-SL190;2026-02-15;2267;57;819,94;0;0,00
20382007;2667v4-5060-64-1024-Z5;2026-02-15;2240;45;496,23;0;0,00
21421298;2650v2-3060-32-1024-SL190;2026-02-15;3660;74;275,02;0;0,00
21421312;2650v2-3060-64-1024-SL190;2026-02-15;2252;47;269,99;1;144548,00
21421337;2667v4-5060ti-64-1024-SL190;2026-02-15;3380;65;283,17;0;0,00
21421346;2667v4-5060ti-32-1024-SL190;2026-02-15;2700;43;282,35;0;0,00
21421356;2667v4-5060-32-1024-SL190;2026-02-15;2604;30;182,67;0;0,00
21421366;2667v4-5060-64-1024-SL190;2026-02-15;1786;35;294,89;0;0,00
21421378;2667v4-5060-32-1024-Z5;2026-02-15;2155;45;343,83;0;0,00
21421407;2650v2-3050-64-1024-SL190;2026-02-15;2233;31;292,21;0;0,00
21421419;2650v2-5050-32-1024-Z5;2026-02-15;4768;141;279,62;0;0,00
22452263;2650v2-3070M-64-1024-SL190;2026-02-15;10761;742;2000,13;1;144548,00
22575808;3600-3070M-16-512-K1;2026-02-15;8956;460;2848,43;2;273079,00
11005236;Продвижение в поиске — все товары;2026-02-16;80898;1208;49218,20;5;492182,00
18985562;2650v2-rx580-64-1024-SL190;2026-02-16;2612;66;771,08;0;0,00
18985567;2650v2-2060s-32-1024-SL190;2026-02-16;1983;58;593,67;0;0,00
19375180;5600g-16-512;2026-02-16;1561;46;282,10;0;0,00
19598257;2650v2-1660s-16-512-K1;2026-02-16;3169;102;287,67;0;0,00
19899776;2650v2-rx580-16-512-K1;2026-02-16;2799;88;839,11;0;0,00
19899803;3600-3070M-32-1024-SL190;2026-02-16;2989;92;1022,10;0;0,00
20381870;2650v2-5050-64-1024-SL190;2026-02-16;3431;154;668,80;0;0,00
20381875;2650v2-3070M-32-1024-SL190;2026-02-16;3137;123;1515,23;0;0,00
20381883;2650v2-3070M-16-512-K1;2026-02-16;3463;165;670,40;1;100000,00
20381899;2650v2-rx580-32-1024-SL190;2026-02-16;8847;662;2628,86;1;90000,00
20381949;2650v2-5050-64-1024-Z5;2026-02-16;1866;61;689,09;0;0,00
20381972;2650v2-rx580-32-512-K1;2026-02-16;6906;381;4374,18;0;0,00
20381997;2650v2-5050-32-1024-SL190;2026-02-16;1627;49;716,48;0;0,00
20382007;2667v4-5060-64-1024-Z5;2026-02-16;1689;41;492,93;0;0,00
21421298;2650v2-3060-32-1024-SL190;2026-02-16;2681;58;301,72;0;0,00
21421312;2650v2-3060-64-1024-SL190;2026-02-16;1511;40;340,01;0;0,00
21421337;2667v4-5060ti-64-1024-SL190;2026-02-16;2819;53;299,94;0;0,00
21421346;2667v4-5060ti-32-1024-SL190;2026-02-16;1785;30;316,13;0;0,00
21421356;2667v4-5060-32-1024-SL190;2026-02-16;1873;33;230,08;0;0,00
21421366;2667v4-5060-64-1024-SL190;2026-02-16;1543;36;219,08;0;0,00
21421378;2667v4-5060-32-1024-Z5;2026-02-16;1590;35;272,04;0;0,00
21421407;2650v2-3050-64-1024-SL190;2026-02-16;1600;24;390,85;0;0,00
21421419;2650v2-5050-32-1024-Z5;2026-02-16;4426;132;294,55;0;0,00
22452263;2650v2-3070M-64-1024-SL190;2026-02-16;8079;574;2009,22;1;125698,00
22575808;3600-3070M-16-512-K1;2026-02-16;6215;320;2521,38;0;0,00
11005236;Продвижение в поиске — все товары;2026-02-17;69764;1052;92133,30;9;921333,00
18985562;2650v2-rx580-64-1024-SL190;2026-02-17;1964;51;589,88;0;0,00
18985567;2650v2-2060s-32-1024-SL190;2026-02-17;2172;82;801,66;1;114637,00
19375180;5600g-16-512;2026-02-17;1404;55;319,01;0;0,00
19598257;2650v2-1660s-16-512-K1;2026-02-17;2267;90;284,63;0;0,00
19899776;2650v2-rx580-16-512-K1;2026-02-17;2423;98;1005,82;0;0,00
19899803;3600-3070M-32-1024-SL190;2026-02-17;2970;75;846,52;0;0,00
20381870;2650v2-5050-64-1024-SL190;2026-02-17;3004;121;691,64;1;144548,00
20381875;2650v2-3070M-32-1024-SL190;2026-02-17;2895;94;1136,85;0;0,00
20381883;2650v2-3070M-16-512-K1;2026-02-17;2987;129;649,25;0;0,00
20381899;2650v2-rx580-32-1024-SL190;2026-02-17;7898;683;2889,23;4;370000,00
20381949;2650v2-5050-64-1024-Z5;2026-02-17;1410;50;780,69;0;0,00
20381972;2650v2-rx580-32-512-K1;2026-02-17;5938;323;3806,18;1;76450,00
20381997;2650v2-5050-32-1024-SL190;2026-02-17;1588;44;654,10;0;0,00
20382007;2667v4-5060-64-1024-Z5;2026-02-17;1470;26;266,30;0;0,00
21421298;2650v2-3060-32-1024-SL190;2026-02-17;2567;48;292,88;0;0,00
21421312;2650v2-3060-64-1024-SL190;2026-02-17;1318;37;252,46;0;0,00
21421337;2667v4-5060ti-64-1024-SL190;2026-02-17;2799;43;257,84;0;0,00
21421346;2667v4-5060ti-32-1024-SL190;2026-02-17;1954;36;271,13;0;0,00
21421356;2667v4-5060-32-1024-SL190;2026-02-17;1760;32;257,10;0;0,00
21421366;2667v4-5060-64-1024-SL190;2026-02-17;1593;37;269,06;0;0,00
21421378;2667v4-5060-32-1024-Z5;2026-02-17;1399;21;131,57;0;0,00
21421407;2650v2-3050-64-1024-SL190;2026-02-17;1218;18;561,35;0;0,00
21421419;2650v2-5050-32-1024-Z5;2026-02-17;4497;142;284,93;0;0,00
22452263;2650v2-3070M-64-1024-SL190;2026-02-17;6581;507;1992,81;1;125698,00
22575808;3600-3070M-16-512-K1;2026-02-17;3642;177;1151,87;0;0,00
11005236;Продвижение в поиске — все товары;2026-02-18;62945;924;25500,00;2;255000,00
18985562;2650v2-rx580-64-1024-SL190;2026-02-18;1956;47;556,93;0;0,00
18985567;2650v2-2060s-32-1024-SL190;2026-02-18;2756;95;752,71;0;0,00
19375180;5600g-16-512;2026-02-18;956;39;236,20;0;0,00
19598257;2650v2-1660s-16-512-K1;2026-02-18;2431;98;295,07;0;0,00
19899776;2650v2-rx580-16-512-K1;2026-02-18;2894;94;987,76;0;0,00
19899803;3600-3070M-32-1024-SL190;2026-02-18;2706;54;736,40;0;0,00
20381870;2650v2-5050-64-1024-SL190;2026-02-18;4282;158;1414,79;0;0,00
20381875;2650v2-3070M-32-1024-SL190;2026-02-18;3571;136;1631,99;0;0,00
20381883;2650v2-3070M-16-512-K1;2026-02-18;3744;182;718,15;0;0,00
20381899;2650v2-rx580-32-1024-SL190;2026-02-18;10174;822;2830,45;0;0,00
20381949;2650v2-5050-64-1024-Z5;2026-02-18;2265;57;705,66;0;0,00
20381972;2650v2-rx580-32-512-K1;2026-02-18;6823;354;4422,34;0;0,00
20381997;2650v2-5050-32-1024-SL190;2026-02-18;1887;49;698,83;0;0,00
20382007;2667v4-5060-64-1024-Z5;2026-02-18;2100;47;650,05;0;0,00
21421298;2650v2-3060-32-1024-SL190;2026-02-18;2831;49;279,11;0;0,00
21421312;2650v2-3060-64-1024-SL190;2026-02-18;1648;35;294,99;0;0,00
21421337;2667v4-5060ti-64-1024-SL190;2026-02-18;3064;52;301,17;0;0,00
21421346;2667v4-5060ti-32-1024-SL190;2026-02-18;1605;32;279,58;0;0,00
21421356;2667v4-5060-32-1024-SL190;2026-02-18;1615;39;288,41;0;0,00
21421366;2667v4-5060-64-1024-SL190;2026-02-18;1496;31;241,03;0;0,00
21421378;2667v4-5060-32-1024-Z5;2026-02-18;1501;27;197,15;0;0,00
21421407;2650v2-3050-64-1024-SL190;2026-02-18;1377;22;495,26;0;0,00
21421419;2650v2-5050-32-1024-Z5;2026-02-18;4154;126;281,65;0;0,00
21421432;2650v2-3070M-64-1024-SL190;2026-02-18;0;0;0,00;0;0,00
22452263;2650v2-3070M-64-1024-SL190;2026-02-18;7732;519;2029,50;0;0,00
22575808;3600-3070M-16-512-K1;2026-02-18;6100;306;2563,95;1;118000,00
11005236;Продвижение в поиске — все товары;2026-02-19;70698;1077;62203,70;5;622037,00
18985562;2650v2-rx580-64-1024-SL190;2026-02-19;1975;59;724,41;0;0,00
18985567;2650v2-2060s-32-1024-SL190;2026-02-19;3021;113;653,06;0;0,00
19375180;5600g-16-512;2026-02-19;1309;51;317,43;0;0,00
19598257;2650v2-1660s-16-512-K1;2026-02-19;2472;106;293,61;0;0,00
19899776;2650v2-rx580-16-512-K1;2026-02-19;2521;87;885,28;0;0,00
19899803;3600-3070M-32-1024-SL190;2026-02-19;2268;53;760,52;0;0,00
20381870;2650v2-5050-64-1024-SL190;2026-02-19;5004;204;1414,99;1;155000,00
20381875;2650v2-3070M-32-1024-SL190;2026-02-19;3361;145;1634,03;0;0,00
20381883;2650v2-3070M-16-512-K1;2026-02-19;3767;161;728,65;1;100000,00
20381899;2650v2-rx580-32-1024-SL190;2026-02-19;10573;848;2838,46;0;0,00
20381949;2650v2-5050-64-1024-Z5;2026-02-19;2066;61;732,54;0;0,00
20381972;2650v2-rx580-32-512-K1;2026-02-19;6417;311;3808,68;0;0,00
20381997;2650v2-5050-32-1024-SL190;2026-02-19;2199;54;846,48;0;0,00
20382007;2667v4-5060-64-1024-Z5;2026-02-19;2378;56;663,98;0;0,00
21421298;2650v2-3060-32-1024-SL190;2026-02-19;2442;43;289,19;0;0,00
21421312;2650v2-3060-64-1024-SL190;2026-02-19;1313;34;299,94;0;0,00
21421337;2667v4-5060ti-64-1024-SL190;2026-02-19;2957;47;295,64;0;0,00
21421346;2667v4-5060ti-32-1024-SL190;2026-02-19;2361;45;305,41;0;0,00
21421356;2667v4-5060-32-1024-SL190;2026-02-19;1680;36;249,80;0;0,00
21421366;2667v4-5060-64-1024-SL190;2026-02-19;1540;20;180,02;0;0,00
21421378;2667v4-5060-32-1024-Z5;2026-02-19;1331;29;190,48;0;0,00
21421407;2650v2-3050-64-1024-SL190;2026-02-19;1448;30;332,68;0;0,00
21421419;2650v2-5050-32-1024-Z5;2026-02-19;4165;131;285,54;0;0,00
21421432;2650v2-3070M-64-1024-SL190;2026-02-19;0;0;0,00;1;126200,00
22452263;2650v2-3070M-64-1024-SL190;2026-02-19;8006;593;1891,53;0;0,00
22575808;3600-3070M-16-512-K1;2026-02-19;6331;281;2579,11;0;0,00
11005236;Продвижение в поиске — все товары;2026-02-20;74103;1174;79992,90;7;799929,00
18985562;2650v2-rx580-64-1024-SL190;2026-02-20;1787;50;573,34;0;0,00
18985567;2650v2-2060s-32-1024-SL190;2026-02-20;2586;88;744,82;0;0,00
19375180;5600g-16-512;2026-02-20;1083;51;308,61;0;0,00
19598257;2650v2-1660s-16-512-K1;2026-02-20;1827;74;230,41;0;0,00
19899776;2650v2-rx580-16-512-K1;2026-02-20;2399;66;829,42;0;0,00
19899803;3600-3070M-32-1024-SL190;2026-02-20;1959;72;960,88;1;141000,00
20381870;2650v2-5050-64-1024-SL190;2026-02-20;4750;205;1427,70;0;0,00
20381875;2650v2-3070M-32-1024-SL190;2026-02-20;3011;123;1452,19;0;0,00
20381883;2650v2-3070M-16-512-K1;2026-02-20;3627;205;707,80;0;0,00
20381899;2650v2-rx580-32-1024-SL190;2026-02-20;10284;1008;2864,11;2;180000,00
20381949;2650v2-5050-64-1024-Z5;2026-02-20;2224;80;723,57;0;0,00
20381972;2650v2-rx580-32-512-K1;2026-02-20;6016;332;3815,67;0;0,00
20381997;2650v2-5050-32-1024-SL190;2026-02-20;2306;63;965,31;0;0,00
20382007;2667v4-5060-64-1024-Z5;2026-02-20;2867;86;1194,28;0;0,00
21421298;2650v2-3060-32-1024-SL190;2026-02-20;1734;29;271,18;0;0,00
21421312;2650v2-3060-64-1024-SL190;2026-02-20;1528;37;306,49;0;0,00
21421337;2667v4-5060ti-64-1024-SL190;2026-02-20;2798;48;273,69;0;0,00
21421346;2667v4-5060ti-32-1024-SL190;2026-02-20;2341;45;301,10;0;0,00
21421356;2667v4-5060-32-1024-SL190;2026-02-20;1963;41;291,56;0;0,00
21421366;2667v4-5060-64-1024-SL190;2026-02-20;1241;18;143,18;0;0,00
21421378;2667v4-5060-32-1024-Z5;2026-02-20;1380;35;227,53;0;0,00
21421407;2650v2-3050-64-1024-SL190;2026-02-20;1403;34;289,21;0;0,00
21421419;2650v2-5050-32-1024-Z5;2026-02-20;4769;134;281,67;0;0,00
21421432;2650v2-3070M-64-1024-SL190;2026-02-20;0;0;0,00;0;0,00
22452263;2650v2-3070M-64-1024-SL190;2026-02-20;7886;617;1979,73;0;0,00
22575808;3600-3070M-16-512-K1;2026-02-20;5665;277;2557,05;0;0,00
11005236;Продвижение в поиске — все товары;2026-02-21;74141;1312;43096,80;5;430968,00
18985562;2650v2-rx580-64-1024-SL190;2026-02-21;2166;74;892,24;0;0,00
18985567;2650v2-2060s-32-1024-SL190;2026-02-21;2807;90;718,54;0;0,00
19375180;5600g-16-512;2026-02-21;1275;51;295,18;0;0,00
19598257;2650v2-1660s-16-512-K1;2026-02-21;2154;104;286,76;0;0,00
19899776;2650v2-rx580-16-512-K1;2026-02-21;2040;76;859,38;0;0,00
19899803;3600-3070M-32-1024-SL190;2026-02-21;2922;77;1041,48;0;0,00
20381870;2650v2-5050-64-1024-SL190;2026-02-21;5336;227;1443,16;0;0,00
20381875;2650v2-3070M-32-1024-SL190;2026-02-21;3971;131;1564,35;0;0,00
20381883;2650v2-3070M-16-512-K1;2026-02-21;4372;269;721,90;0;0,00
20381899;2650v2-rx580-32-1024-SL190;2026-02-21;13328;1226;2864,76;0;0,00
20381949;2650v2-5050-64-1024-Z5;2026-02-21;2688;99;706,86;0;0,00
20381972;2650v2-rx580-32-512-K1;2026-02-21;6784;332;3804,00;1;79000,00
20381997;2650v2-5050-32-1024-SL190;2026-02-21;2179;51;755,25;0;0,00
20382007;2667v4-5060-64-1024-Z5;2026-02-21;3712;79;1080,64;0;0,00
21421298;2650v2-3060-32-1024-SL190;2026-02-21;2286;36;277,54;0;0,00
21421312;2650v2-3060-64-1024-SL190;2026-02-21;1889;37;265,64;0;0,00
21421337;2667v4-5060ti-64-1024-SL190;2026-02-21;2845;70;275,16;0;0,00
21421346;2667v4-5060ti-32-1024-SL190;2026-02-21;2650;45;292,30;0;0,00
21421356;2667v4-5060-32-1024-SL190;2026-02-21;1808;45;331,92;0;0,00
21421366;2667v4-5060-64-1024-SL190;2026-02-21;1700;44;311,31;0;0,00
21421378;2667v4-5060-32-1024-Z5;2026-02-21;1557;45;345,26;0;0,00
21421407;2650v2-3050-64-1024-SL190;2026-02-21;1610;35;333,82;0;0,00
21421419;2650v2-5050-32-1024-Z5;2026-02-21;5080;131;291,99;0;0,00
22452263;2650v2-3070M-64-1024-SL190;2026-02-21;9641;750;1976,44;0;0,00
22575808;3600-3070M-16-512-K1;2026-02-21;6076;299;2586,95;0;0,00
11005236;Продвижение в поиске — все товары;2026-02-22;81147;1288;33140,00;3;331400,00
18985562;2650v2-rx580-64-1024-SL190;2026-02-22;2600;75;909,11;0;0,00
18985567;2650v2-2060s-32-1024-SL190;2026-02-22;3577;97;705,62;0;0,00
19375180;5600g-16-512;2026-02-22;1363;56;307,18;0;0,00
19598257;2650v2-1660s-16-512-K1;2026-02-22;2051;89;285,15;0;0,00
19899776;2650v2-rx580-16-512-K1;2026-02-22;2770;90;924,70;0;0,00
19899803;3600-3070M-32-1024-SL190;2026-02-22;3091;86;1085,45;0;0,00
20381870;2650v2-5050-64-1024-SL190;2026-02-22;6695;263;1398,93;0;0,00
20381875;2650v2-3070M-32-1024-SL190;2026-02-22;4584;147;1768,18;0;0,00
20381883;2650v2-3070M-16-512-K1;2026-02-22;5606;316;712,60;0;0,00
20381899;2650v2-rx580-32-1024-SL190;2026-02-22;14281;1213;2790,69;0;0,00
20381949;2650v2-5050-64-1024-Z5;2026-02-22;3246;83;702,86;0;0,00
20381972;2650v2-rx580-32-512-K1;2026-02-22;7154;321;3757,47;1;79000,00
20381997;2650v2-5050-32-1024-SL190;2026-02-22;2773;68;1110,25;0;0,00
20382007;2667v4-5060-64-1024-Z5;2026-02-22;3926;102;1316,78;0;0,00
21421298;2650v2-3060-32-1024-SL190;2026-02-22;2881;64;291,05;0;0,00
21421312;2650v2-3060-64-1024-SL190;2026-02-22;1964;44;311,20;0;0,00
21421337;2667v4-5060ti-64-1024-SL190;2026-02-22;3784;71;274,07;0;0,00
21421346;2667v4-5060ti-32-1024-SL190;2026-02-22;2961;53;293,72;0;0,00
21421356;2667v4-5060-32-1024-SL190;2026-02-22;1494;34;240,74;0;0,00
21421366;2667v4-5060-64-1024-SL190;2026-02-22;3276;67;346,78;0;0,00
21421378;2667v4-5060-32-1024-Z5;2026-02-22;2361;40;290,41;0;0,00
21421407;2650v2-3050-64-1024-SL190;2026-02-22;1606;49;479,52;0;0,00
21421419;2650v2-5050-32-1024-Z5;2026-02-22;4387;89;276,43;0;0,00
22452263;2650v2-3070M-64-1024-SL190;2026-02-22;10358;689;2001,57;2;252400,00
22575808;3600-3070M-16-512-K1;2026-02-22;6780;237;2506,77;0;0,00
11005236;Продвижение в поиске — все товары;2026-02-23;77855;1356;9000,00;1;90000,00
18985562;2650v2-rx580-64-1024-SL190;2026-02-23;2625;101;1176,89;0;0,00
18985567;2650v2-2060s-32-1024-SL190;2026-02-23;2502;86;725,53;0;0,00
19375180;5600g-16-512;2026-02-23;1191;45;307,06;0;0,00
19598257;2650v2-1660s-16-512-K1;2026-02-23;1442;70;289,33;0;0,00
19899776;2650v2-rx580-16-512-K1;2026-02-23;2440;73;867,19;0;0,00
19899803;3600-3070M-32-1024-SL190;2026-02-23;2708;85;1038,50;0;0,00
20381870;2650v2-5050-64-1024-SL190;2026-02-23;5849;266;1447,74;0;0,00
20381875;2650v2-3070M-32-1024-SL190;2026-02-23;4226;170;1897,34;0;0,00
20381883;2650v2-3070M-16-512-K1;2026-02-23;5680;326;715,70;0;0,00
20381899;2650v2-rx580-32-1024-SL190;2026-02-23;14175;1447;2867,82;1;90000,00
20381949;2650v2-5050-64-1024-Z5;2026-02-23;2344;72;704,69;0;0,00
20381972;2650v2-rx580-32-512-K1;2026-02-23;6152;283;3733,94;0;0,00
20381997;2650v2-5050-32-1024-SL190;2026-02-23;1932;59;866,38;0;0,00
20382007;2667v4-5060-64-1024-Z5;2026-02-23;3535;82;1097,46;0;0,00
21421298;2650v2-3060-32-1024-SL190;2026-02-23;2067;39;288,24;0;0,00
21421312;2650v2-3060-64-1024-SL190;2026-02-23;1749;37;297,43;0;0,00
21421337;2667v4-5060ti-64-1024-SL190;2026-02-23;3499;59;287,10;0;0,00
21421346;2667v4-5060ti-32-1024-SL190;2026-02-23;3098;57;295,00;0;0,00
21421356;2667v4-5060-32-1024-SL190;2026-02-23;1978;31;229,01;0;0,00
21421366;2667v4-5060-64-1024-SL190;2026-02-23;1984;40;323,81;0;0,00
21421378;2667v4-5060-32-1024-Z5;2026-02-23;1518;38;302,07;0;0,00
21421407;2650v2-3050-64-1024-SL190;2026-02-23;1712;40;696,18;0;0,00
21421419;2650v2-5050-32-1024-Z5;2026-02-23;3346;113;281,59;0;0,00
22452263;2650v2-3070M-64-1024-SL190;2026-02-23;9975;727;2016,77;0;0,00
22575808;3600-3070M-16-512-K1;2026-02-23;6021;218;2467,35;0;0,00
11005236;Продвижение в поиске — все товары;2026-02-24;76283;1230;38665,20;4;386652,00
18985562;2650v2-rx580-64-1024-SL190;2026-02-24;2379;71;860,37;0;0,00
18985567;2650v2-2060s-32-1024-SL190;2026-02-24;2603;73;731,02;0;0,00
19375180;5600g-16-512;2026-02-24;1332;54;334,18;0;0,00
19598257;2650v2-1660s-16-512-K1;2026-02-24;2008;98;300,35;0;0,00
19899776;2650v2-rx580-16-512-K1;2026-02-24;2245;75;823,00;0;0,00
19899803;3600-3070M-32-1024-SL190;2026-02-24;2585;94;1036,98;0;0,00
20381870;2650v2-5050-64-1024-SL190;2026-02-24;4942;217;1390,44;0;0,00
20381875;2650v2-3070M-32-1024-SL190;2026-02-24;3627;157;1717,16;0;0,00
20381883;2650v2-3070M-16-512-K1;2026-02-24;4977;302;662,71;0;0,00
20381899;2650v2-rx580-32-1024-SL190;2026-02-24;13946;1324;2842,84;1;90000,00
20381949;2650v2-5050-64-1024-Z5;2026-02-24;1930;59;681,70;0;0,00
20381972;2650v2-rx580-32-512-K1;2026-02-24;5776;292;3500,20;1;79000,00
20381997;2650v2-5050-32-1024-SL190;2026-02-24;1763;50;815,46;0;0,00
20382007;2667v4-5060-64-1024-Z5;2026-02-24;3010;77;1093,27;0;0,00
21421298;2650v2-3060-32-1024-SL190;2026-02-24;1781;37;267,80;0;0,00
21421312;2650v2-3060-64-1024-SL190;2026-02-24;1493;42;221,23;0;0,00
21421337;2667v4-5060ti-64-1024-SL190;2026-02-24;3426;67;288,75;0;0,00
21421346;2667v4-5060ti-32-1024-SL190;2026-02-24;2312;45;214,89;0;0,00
21421356;2667v4-5060-32-1024-SL190;2026-02-24;1834;27;222,56;0;0,00
21421366;2667v4-5060-64-1024-SL190;2026-02-24;2018;49;356,23;0;0,00
21421378;2667v4-5060-32-1024-Z5;2026-02-24;1565;40;281,31;0;0,00
21421407;2650v2-3050-64-1024-SL190;2026-02-24;2082;59;1050,00;0;0,00
21421419;2650v2-5050-32-1024-Z5;2026-02-24;2885;96;287,97;0;0,00
22452263;2650v2-3070M-64-1024-SL190;2026-02-24;8259;522;2033,58;1;127652,00
22575808;3600-3070M-16-512-K1;2026-02-24;3720;164;1718,30;0;0,00
11005236;Продвижение в поиске — все товары;2026-02-25;75963;1081;17900,00;2;179000,00
18985562;2650v2-rx580-64-1024-SL190;2026-02-25;1991;64;802,87;0;0,00
18985567;2650v2-2060s-32-1024-SL190;2026-02-25;2376;61;687,50;0;0,00
19375180;5600g-16-512;2026-02-25;943;25;130,36;0;0,00
19598257;2650v2-1660s-16-512-K1;2026-02-25;2082;106;286,07;0;0,00
19899776;2650v2-rx580-16-512-K1;2026-02-25;1784;57;755,89;0;0,00
19899803;3600-3070M-32-1024-SL190;2026-02-25;2724;87;996,83;0;0,00
20381870;2650v2-5050-64-1024-SL190;2026-02-25;2875;132;696,83;0;0,00
20381875;2650v2-3070M-32-1024-SL190;2026-02-25;3680;145;1629,15;0;0,00
20381883;2650v2-3070M-16-512-K1;2026-02-25;5184;276;699,60;1;100000,00
20381899;2650v2-rx580-32-1024-SL190;2026-02-25;12886;1174;2815,87;0;0,00
20381949;2650v2-5050-64-1024-Z5;2026-02-25;1937;46;619,78;0;0,00
20381972;2650v2-rx580-32-512-K1;2026-02-25;3147;172;2020,19;1;79000,00
20381997;2650v2-5050-32-1024-SL190;2026-02-25;1520;31;456,45;0;0,00
20382007;2667v4-5060-64-1024-Z5;2026-02-25;2413;62;883,51;0;0,00
21421298;2650v2-3060-32-1024-SL190;2026-02-25;1726;40;276,77;0;0,00
21421312;2650v2-3060-64-1024-SL190;2026-02-25;1666;52;283,75;0;0,00
21421337;2667v4-5060ti-64-1024-SL190;2026-02-25;3371;64;289,44;0;0,00
21421346;2667v4-5060ti-32-1024-SL190;2026-02-25;3320;64;287,96;0;0,00
21421356;2667v4-5060-32-1024-SL190;2026-02-25;2096;42;272,87;0;0,00
21421366;2667v4-5060-64-1024-SL190;2026-02-25;1489;32;255,94;0;0,00
21421378;2667v4-5060-32-1024-Z5;2026-02-25;1349;34;225,29;0;0,00
21421407;2650v2-3050-64-1024-SL190;2026-02-25;2102;58;620,30;0;0,00
21421419;2650v2-5050-32-1024-Z5;2026-02-25;3469;96;270,63;0;0,00
22452263;2650v2-3070M-64-1024-SL190;2026-02-25;7821;477;2015,18;0;0,00
22575808;3600-3070M-16-512-K1;2026-02-25;3108;89;847,52;0;0,00
